{
  "bf": {
    "smart": {
      "mean": 4.840639672172805,
      "std": 8.890679326117937e-16,
      "ci_lower": 4.840639672172805,
      "ci_upper": 4.840639672172805
    },
    "random": {
      "mean": 3.616898167532756,
      "std": 0.3571857437392832,
      "ci_lower": 3.5855139101743982,
      "ci_upper": 3.648282424891114
    },
    "p_value_t": 0.0,
    "p_value_u": 3.1363718937034305e-188,
    "cohens_d": 4.845187309502578,
    "t_statistic": 76.6091379408567,
    "u_statistic": 250000.0
  },
  "coverage": {
    "smart": {
      "mean": 1.0,
      "std": 0.0,
      "ci_lower": NaN,
      "ci_upper": NaN
    },
    "random": {
      "mean": 0.761,
      "std": 0.27844939959761544,
      "ci_lower": 0.7365339406137372,
      "ci_upper": 0.7854660593862628
    },
    "p_value_t": 4.025085089980828e-70,
    "p_value_u": 2.0203263558206482e-64,
    "cohens_d": 1.2138544449929,
    "t_statistic": 19.19272397048567,
    "u_statistic": 181000.0
  },
  "risk": {
    "smart": {
      "mean": 0.03187206556543877,
      "std": 6.945843223529638e-18,
      "ci_lower": 0.03187206556543877,
      "ci_upper": 0.03187206556543877
    },
    "random": {
      "mean": 0.27662036649344884,
      "std": 0.07143714874785663,
      "ci_lower": 0.2703435150217773,
      "ci_upper": 0.2828972179651204
    },
    "p_value_t": 0.0,
    "p_value_u": 3.1363718937034305e-188,
    "cohens_d": -4.845187309502585,
    "t_statistic": -76.60913794085681,
    "u_statistic": 0.0
  }
}